key,key:userAccount,code,languages,key:airline,moment,bio,salary,photoLink
assistanceAgent-01,user-account-agent-03,AA000000,L,airline-01,2012/08/28 18:39,Lorem ipsum dolor sit amet,EUR 4679.00,
assistanceAgent-02,user-account-agent-03,ZZ999999,Lorem ipsum dolor sit amet consectetur adipiscinga,airline-02,2012/08/28 18:39,Lorem ipsum dolor sit amet,EUR 4679.00,
assistanceAgent-03,user-account-agent-02,AA000001,Lo,airline-03,2012/08/28 18:39,Lorem ipsum dolor sit amet,EUR 4679.00,https://www.google.com
assistanceAgent-04,user-account-agent-03,ZZ999998,Lorem ipsum dolor sit amet consectetur adipiscing,airline-04,2012/08/28 18:39,Lorem ipsum dolor sit amet,EUR 4679.00,
assistanceAgent-05,user-account-agent-03,FF557769,"English, Spanish, Polish",airline-05,2012/08/28 18:39,Lorem ipsum dolor sit amet,EUR 4679.00,https://www.google.com
assistanceAgent-06,user-account-agent-03,AAA000000,โลเร็ม อิปซัม,airline-06,2012/08/28 18:39,Lorem ipsum dolor sit amet,EUR 4679.00,https://www.google.com
assistanceAgent-07,user-account-agent-02,ZZZ999999,لوريم إيبسوم,airline-07,2012/08/28 18:39,Lorem ipsum dolor sit amet,EUR 4679.00,https://www.google.com
assistanceAgent-08,user-account-agent-03,AAA000001,洛伦·伊普森,airline-08,2012/08/28 18:39,Lorem ipsum dolor sit amet,EUR 4679.00,https://www.google.com
assistanceAgent-09,user-account-agent-01,ZZZ999998,<marquee>Hacked</marquee>,airline-09,2012/08/28 18:39,Lorem ipsum dolor sit amet,EUR 4679.00,https://www.google.com
assistanceAgent-10,user-account-agent-01,ITW245766,<script>alert(‘Hacked!’);</script>,airline-10,2012/08/28 18:39,Lorem ipsum dolor sit amet,EUR 4679.00,
assistanceAgent-11,user-account-agent-03,MZ719671,'' or 'A' = 'A,airline-11,2012/08/28 18:39,Lorem ipsum dolor sit amet,EUR 4679.00,https://www.google.com
assistanceAgent-12,user-account-agent-02,MB522259,"English, Spanish, Polish",airline-17,2000/01/01 00:00,Lorem ipsum dolor sit amet,EUR 4679.00,https://www.google.com
assistanceAgent-13,user-account-agent-03,BK316312,"English, Spanish, Polish",airline-45,2020/07/30 00:00,Lorem ipsum dolor sit amet,EUR 4679.00,
assistanceAgent-14,user-account-agent-02,ZEC272115,"English, Spanish, Polish",airline-45,2000/01/01 00:01,Lorem ipsum dolor sit amet,EUR 4679.00,
assistanceAgent-15,user-account-agent-02,VD096535,"English, Spanish, Polish",airline-31,2020/07/29 23:59,Lorem ipsum dolor sit amet,EUR 4679.00,
assistanceAgent-16,user-account-agent-01,MZ719271,"English, Spanish, Polish",airline-20,2012/08/28 18:39,L,EUR 4679.00,https://www.google.com
assistanceAgent-17,user-account-agent-02,GV406806,"English, Spanish, Polish",airline-13,2012/08/28 18:39,Lorem ipsum dolor sit amet consectetur adipiscinga,EUR 4679.00,
assistanceAgent-18,user-account-agent-03,UBR675970,"English, Spanish, Polish",airline-37,2012/08/28 18:39,Lo,EUR 4679.00,https://www.google.com
assistanceAgent-19,user-account-agent-02,ZHK951197,"English, Spanish, Polish",airline-28,2012/08/28 18:39,Lorem ipsum dolor sit amet consectetur adipiscing,EUR 4679.00,https://www.google.com
assistanceAgent-20,user-account-agent-03,EI378581,"English, Spanish, Polish",airline-13,2012/08/28 18:39,โลเร็ม อิปซัม,EUR 4679.00,https://www.google.com
assistanceAgent-21,user-account-agent-01,AA833303,"English, Spanish, Polish",airline-21,2012/08/28 18:39,لوريم إيبسوم,EUR 4679.00,
assistanceAgent-22,user-account-agent-01,JH219867,"English, Spanish, Polish",airline-28,2012/08/28 18:39,洛伦·伊普森,EUR 4679.00,https://www.google.com
assistanceAgent-23,user-account-agent-03,CDS377031,"English, Spanish, Polish",airline-02,2012/08/28 18:39,<marquee>Hacked</marquee>,EUR 4679.00,https://www.google.com
assistanceAgent-24,user-account-agent-02,WI243091,"English, Spanish, Polish",airline-26,2012/08/28 18:39,<script>alert(‘Hacked!’);</script>,EUR 4679.00,
assistanceAgent-25,user-account-agent-03,WY890896,"English, Spanish, Polish",airline-04,2012/08/28 18:39,'' or 'A' = 'A,EUR 4679.00,https://www.google.com
assistanceAgent-26,user-account-agent-03,SW403830,"English, Spanish, Polish",airline-34,2012/08/28 18:39,,EUR 4679.00,https://www.google.com
assistanceAgent-27,user-account-agent-02,KZB875455,"English, Spanish, Polish",airline-32,2012/08/28 18:39,Lorem ipsum dolor sit amet,EUR 1.00,http://lorem.com/ipsum
assistanceAgent-28,user-account-agent-03,DR707044,"English, Spanish, Polish",airline-06,2012/08/28 18:39,Lorem ipsum dolor sit amet,EUR 10000.00,
assistanceAgent-29,user-account-agent-03,EQA866763,"English, Spanish, Polish",airline-34,2012/08/28 18:39,Lorem ipsum dolor sit amet,EUR 1.01,
assistanceAgent-30,user-account-agent-01,KF065561,"English, Spanish, Polish",airline-05,2012/08/28 18:39,Lorem ipsum dolor sit amet,EUR 9999.99,"http://www.lorem-ipsum.org/dolor/sit/amet,/consectetur/adipiscing/elit,/sed/do/eiusmod/tempor/incididunt/ut/labore/et/dolore/magna/aliqua/Ut/enim/ad/minim/veniam/quis/nostrud/exercitation/ullamco/laboris/nisi/ut/aliquip/ex/ea/commodo/consequat/duis/aute/"
assistanceAgent-31,user-account-agent-01,BD152759,"English, Spanish, Polish",airline-21,2012/08/28 18:39,Lorem ipsum dolor sit amet,,"http://www.lorem-ipsum.org/dolor/sit/amet,/consectetur/adipiscing/elit,/sed/do/eiusmod/tempor/incididunt/ut/labore/et/dolore/magna/aliqua/Ut/enim/ad/minim/veniam/quis/nostrud/exercitation/ullamco/laboris/nisi/ut/aliquip/ex/ea/commodo/consequat/duis/aute/X"
assistanceAgent-32,user-account-agent-01,HM190420,"English, Spanish, Polish",airline-11,2012/08/28 18:39,Lorem ipsum dolor sit amet,EUR 4679.00,https://www.lorem-ipsum.org
assistanceAgent-33,user-account-agent-02,RDZ331280,"English, Spanish, Polish",airline-38,2012/08/28 18:39,Lorem ipsum dolor sit amet,EUR 4679.00,
assistanceAgent-34,user-account-agent-03,JA050795,"English, Spanish, Polish",airline-09,2012/08/28 18:39,Lorem ipsum dolor sit amet,EUR 4679.00,http://www.lorem-ipsum.org/dolor/sit.html
assistanceAgent-35,user-account-agent-01,BFO298915,"English, Spanish, Polish",airline-38,2012/08/28 18:39,Lorem ipsum dolor sit amet,EUR 4679.00,http://www.lorem-ipsum.org/dolor/sit.html#dolor
assistanceAgent-36,user-account-agent-01,EUT931582,"English, Spanish, Polish",airline-08,2012/08/28 18:39,Lorem ipsum dolor sit amet,EUR 4679.00,http://example.org?a=1&b=2
assistanceAgent-37,user-account-agent-03,RNQ830411,"English, Spanish, Polish",airline-19,2012/08/28 18:39,Lorem ipsum dolor sit amet,EUR 4679.00,http://example.org?
assistanceAgent-38,user-account-agent-03,ZZJ032168,"English, Spanish, Polish",airline-27,2012/08/28 18:39,Lorem ipsum dolor sit amet,EUR 4679.00,http://example.org?a
assistanceAgent-39,user-account-agent-02,PNU475446,"English, Spanish, Polish",airline-14,2012/08/28 18:39,Lorem ipsum dolor sit amet,EUR 4679.00,http://example.org?a&b
assistanceAgent-40,user-account-agent-01,CNF192933,"English, Spanish, Polish",airline-43,2012/08/28 18:39,Lorem ipsum dolor sit amet,EUR 4679.00,http://example.org/
assistanceAgent-41,user-account-agent-03,WW073221,"English, Spanish, Polish",airline-01,2012/08/28 18:39,Lorem ipsum dolor sit amet,EUR 4679.00,http://example.org/a
assistanceAgent-42,user-account-agent-03,EK225716,"English, Spanish, Polish",airline-29,2012/08/28 18:39,Lorem ipsum dolor sit amet,EUR 4679.00,http://example.org/a/b
assistanceAgent-43,user-account-agent-03,EUZ532881,"English, Spanish, Polish",airline-45,2012/08/28 18:39,Lorem ipsum dolor sit amet,EUR 4679.00,http://example.org/a/b?
assistanceAgent-44,user-account-agent-03,LWE193812,"English, Spanish, Polish",airline-07,2012/08/28 18:39,Lorem ipsum dolor sit amet,EUR 4679.00,http://example.org/a/b?a&b
assistanceAgent-45,user-account-agent-01,EWL838026,"English, Spanish, Polish",airline-42,2012/08/28 18:39,Lorem ipsum dolor sit amet,EUR 4679.00,
assistanceAgent-46,user-account-agent-02,TV405466,"English, Spanish, Polish",airline-23,2012/08/28 18:39,Lorem ipsum dolor sit amet,EUR 4679.00,
assistanceAgent-47,user-account-agent-01,FNP853431,"English, Spanish, Polish",airline-17,2012/08/28 18:39,Lorem ipsum dolor sit amet,EUR 4679.00,
