key,identifier,phoneNumber,address,city,country,points,key:user-account
customer-01,KK662666,+2433144,Lorem ipsum dolor sit amet,Lorem ipsum dolor sit amet,Lorem ipsum dolor sit amet,500,user-account-customer-01
customer-02,TG910439,+2433144,Lorem ipsum dolor sit amet,Lorem ipsum dolor sit amet,Lorem ipsum dolor sit amet,500,user-account-customer-01
customer-03,CU575101,+2433144,Lorem ipsum dolor sit amet,Lorem ipsum dolor sit amet,Lorem ipsum dolor sit amet,500,user-account-customer-01
customer-04,ILG544244,+2433144,Lorem ipsum dolor sit amet,Lorem ipsum dolor sit amet,Lorem ipsum dolor sit amet,500,user-account-customer-01
customer-05,CUQ016848,+2433144,Lorem ipsum dolor sit amet,Lorem ipsum dolor sit amet,Lorem ipsum dolor sit amet,500,user-account-customer-01
customer-06,DO334039,+2433144,Lorem ipsum dolor sit amet,Lorem ipsum dolor sit amet,Lorem ipsum dolor sit amet,500,user-account-customer-01
customer-07,HVU361440,+2433144,Lorem ipsum dolor sit amet,Lorem ipsum dolor sit amet,Lorem ipsum dolor sit amet,500,user-account-customer-01
customer-08,EWW721026,+2433144,Lorem ipsum dolor sit amet,Lorem ipsum dolor sit amet,Lorem ipsum dolor sit amet,500,user-account-customer-01
customer-09,TJ080216,+2433144,Lorem ipsum dolor sit amet,Lorem ipsum dolor sit amet,Lorem ipsum dolor sit amet,500,user-account-customer-01
customer-10,KK662667,+2433144,Lorem ipsum dolor sit amet,Lorem ipsum dolor sit amet,Lorem ipsum dolor sit amet,500,user-account-customer-01
customer-11,KK662668,+79561381682446,Lorem ipsum dolor sit amet,Lorem ipsum dolor sit amet,Lorem ipsum dolor sit amet,500,user-account-customer-02
customer-12,KK662669,+04991503596,Lorem ipsum dolor sit amet,Lorem ipsum dolor sit amet,Lorem ipsum dolor sit amet,500,user-account-customer-02
customer-13,KK662616,+4176466,Lorem ipsum dolor sit amet,Lorem ipsum dolor sit amet,Lorem ipsum dolor sit amet,500,user-account-customer-02
customer-14,KK662626,+4176466,Lorem ipsum dolor sit amet,Lorem ipsum dolor sit amet,Lorem ipsum dolor sit amet,500,user-account-customer-02
customer-15,KK662636,+0880940330550,Lorem ipsum dolor sit amet,Lorem ipsum dolor sit amet,Lorem ipsum dolor sit amet,500,user-account-customer-03
customer-16,KK662646,+69193681516,Lorem ipsum dolor sit amet,Lorem ipsum dolor sit amet,Lorem ipsum dolor sit amet,500,user-account-customer-03
customer-17,KK662656,+2433144,Lorem ipsum dolor sit amet consectetur adipiscing elit. Sed do: eiusmod tempor incididunt ut labore et dolore magna aliqua! Ut enim ad minim veniam? Quis nostrud exercitation ullamco laboris nisi ut aliquip ex ea commodo consequat. Duis aute irure dolores,Lorem ipsum dolor sit amet,Lorem ipsum dolor sit amet,500,user-account-customer-03
customer-18,KA662666,+2433144,Lorem ipsum dolor sit amet consectetur adipiscing elit. Sed do: eiusmod tempor incididunt ut labore et dolore magna aliqua! Ut enim ad minim veniam? Quis nostrud exercitation ullamco laboris nisi ut aliquip ex ea commodo consequat. Duis aute irure dolore,Lorem ipsum dolor sit amet,Lorem ipsum dolor sit amet,500,user-account-customer-03
customer-19,KK662676,+2433144,L,Lorem ipsum dolor sit amet,Lorem ipsum dolor sit amet,500,user-account-customer-03
customer-20,KK662686,+2433144,Lo,Lorem ipsum dolor sit amet,Lorem ipsum dolor sit amet,500,user-account-customer-04
customer-21,KK662696,+2433144,โลเร็ม อิปซัม,Lorem ipsum dolor sit amet,Lorem ipsum dolor sit amet,500,user-account-customer-04
customer-22,KK662166,+2433144,وريم إيبسوم,Lorem ipsum dolor sit amet,Lorem ipsum dolor sit amet,500,user-account-customer-04
customer-23,KK662266,+2433144,洛伦·伊普森,Lorem ipsum dolor sit amet,Lorem ipsum dolor sit amet,500,user-account-customer-04
customer-24,KK662366,+2433144,<marquee>Hacked</marquee>,Lorem ipsum dolor sit amet,Lorem ipsum dolor sit amet,500,user-account-customer-04
customer-25,KK662466,+2433144,<script>alert(‘Hacked!’);</script>,Lorem ipsum dolor sit amet,Lorem ipsum dolor sit amet,500,user-account-customer-04
customer-26,KK662566,+2433144,'' or 'A' = 'A,Lorem ipsum dolor sit amet,Lorem ipsum dolor sit amet,500,user-account-customer-04
customer-27,KB662666,+2433144,Lorem ipsum dolor sit amet,Lorem ipsum dolor sit amet consectetur adipiscinge,Lorem ipsum dolor sit amet,500,user-account-customer-04
customer-28,KC662666,+2433144,Lorem ipsum dolor sit amet,Lorem ipsum dolor sit amet consectetur adipiscing,Lorem ipsum dolor sit amet,500,user-account-customer-04
customer-29,KK662766,+2433144,Lorem ipsum dolor sit amet,L,Lorem ipsum dolor sit amet,500,user-account-customer-04
customer-30,KK662866,+2433144,Lorem ipsum dolor sit amet,Lo,Lorem ipsum dolor sit amet,500,user-account-customer-04
customer-31,KK662966,+2433144,Lorem ipsum dolor sit amet,โลเร็ม อิปซัม,Lorem ipsum dolor sit amet,500,user-account-customer-04
customer-33,KD662666,+2433144,Lorem ipsum dolor sit amet,洛伦·伊普森,Lorem ipsum dolor sit amet,500,user-account-customer-04
customer-34,KK663666,+2433144,Lorem ipsum dolor sit amet,<marquee>Hacked</marquee>,Lorem ipsum dolor sit amet,500,user-account-customer-04
customer-35,KK664666,+2433144,Lorem ipsum dolor sit amet,<script>alert(‘Hacked!’);</script>,Lorem ipsum dolor sit amet,500,user-account-customer-04
customer-36,KK665666,+2433144,Lorem ipsum dolor sit amet,'' or 'A' = 'A,Lorem ipsum dolor sit amet,500,user-account-customer-04
customer-37,KK666666,+2433144,Lorem ipsum dolor sit amet,Lorem ipsum dolor sit amet,Lorem ipsum dolor sit amet,500,user-account-customer-04
customer-38,KK667666,+2433144,Lorem ipsum dolor sit amet,Lorem ipsum dolor sit amet,'' or 'A' = 'A,500,user-account-customer-04
customer-39,KK668666,+2433144,Lorem ipsum dolor sit amet,Lorem ipsum dolor sit amet,<script>alert(‘Hacked!’);</script>,500,user-account-customer-04
customer-40,KK669666,+2433144,Lorem ipsum dolor sit amet,Lorem ipsum dolor sit amet,<marquee>Hacked</marquee>,500,user-account-customer-04
customer-41,KK612666,+2433144,Lorem ipsum dolor sit amet,Lorem ipsum dolor sit amet,洛伦·伊普森,500,user-account-customer-04
customer-42,KK622666,+2433144,Lorem ipsum dolor sit amet,Lorem ipsum dolor sit amet,وريم إيبسوم,500,user-account-customer-04
customer-43,KK632666,+2433144,Lorem ipsum dolor sit amet,Lorem ipsum dolor sit amet,โลเร็ม อิปซัม,500,user-account-customer-04
customer-44,KK642666,+2433144,Lorem ipsum dolor sit amet,Lorem ipsum dolor sit amet,Lo,500,user-account-customer-04
customer-45,KK652666,+2433144,Lorem ipsum dolor sit amet,Lorem ipsum dolor sit amet,L,500,user-account-customer-04
customer-46,KE662666,+2433144,Lorem ipsum dolor sit amet,Lorem ipsum dolor sit amet,Lorem ipsum dolor sit amet consectetur adipiscing,500,user-account-customer-04
customer-47,KK672666,+2433144,Lorem ipsum dolor sit amet,Lorem ipsum dolor sit amet,Lorem ipsum dolor sit amet consectetur adipiscinge,500,user-account-customer-04
customer-48,KK682666,+2433144,Lorem ipsum dolor sit amet,Lorem ipsum dolor sit amet,Lorem ipsum dolor sit amet,500,user-account-customer-04
customer-49,KK692666,+2433144,Lorem ipsum dolor sit amet,Lorem ipsum dolor sit amet,Lorem ipsum dolor sit amet,1,user-account-customer-04
customer-50,KK162666,+2433144,Lorem ipsum dolor sit amet,Lorem ipsum dolor sit amet,Lorem ipsum dolor sit amet,0,user-account-customer-04
customer-51,KK262666,+2433144,Lorem ipsum dolor sit amet,Lorem ipsum dolor sit amet,Lorem ipsum dolor sit amet,499999,user-account-customer-04
customer-52,KK362666,+2433144,Lorem ipsum dolor sit amet,Lorem ipsum dolor sit amet,Lorem ipsum dolor sit amet,500000,user-account-customer-04